{"cameraMode":{"drawMode":0,"name":"Shaded","section":"Shading Mode"},"sceneLighting":true,"audioPlay":false,"sceneViewState":{"showFog":true,"showMaterialUpdate":false,"showSkybox":true,"showFlares":true,"showImageEffects":true,"showParticleSystems":true},"in2DMode":false,"pivot":{"x":342.830810546875,"y":37.894866943359378,"z":139.15093994140626},"rotation":{"x":-0.0142537085339427,"y":0.9100840091705322,"z":0.03141038492321968,"w":0.41298627853393557},"size":6.846563339233398,"orthographic":false}