{"cameraMode":{"drawMode":0,"name":"Shaded","section":"Shading Mode"},"sceneLighting":true,"audioPlay":false,"sceneViewState":{"showFog":true,"showMaterialUpdate":false,"showSkybox":true,"showFlares":true,"showImageEffects":true,"showParticleSystems":true},"in2DMode":false,"pivot":{"x":142.15826416015626,"y":12.443891525268555,"z":28.802356719970704},"rotation":{"x":0.0011488671880215407,"y":0.9981347918510437,"z":0.01946459524333477,"w":-0.05814332142472267},"size":4.357883930206299,"orthographic":false}