{"cameraMode":{"drawMode":0,"name":"Shaded","section":"Shading Mode"},"sceneLighting":true,"audioPlay":false,"sceneViewState":{"showFog":true,"showMaterialUpdate":false,"showSkybox":true,"showFlares":true,"showImageEffects":true,"showParticleSystems":true},"in2DMode":false,"pivot":{"x":337.9801940917969,"y":37.15165710449219,"z":85.28704833984375},"rotation":{"x":-0.007348016370087862,"y":-0.5774213075637817,"z":0.0051969015039503578,"w":-0.8164001703262329},"size":2.195143461227417,"orthographic":false}