{"cameraMode":{"drawMode":0,"name":"Shaded","section":"Shading Mode"},"sceneLighting":true,"audioPlay":false,"sceneViewState":{"showFog":true,"showMaterialUpdate":false,"showSkybox":true,"showFlares":true,"showImageEffects":true,"showParticleSystems":true},"in2DMode":false,"pivot":{"x":-0.5303658843040466,"y":-11.170170783996582,"z":21.426841735839845},"rotation":{"x":0.005999565590173006,"y":-0.001517756376415491,"z":0.00028781246510334313,"w":-1.0001461505889893},"size":52.28901290893555,"orthographic":false}