{"cameraMode":{"drawMode":0,"name":"Shaded","section":"Shading Mode"},"sceneLighting":true,"audioPlay":false,"sceneViewState":{"showFog":true,"showMaterialUpdate":false,"showSkybox":true,"showFlares":true,"showImageEffects":true,"showParticleSystems":true},"in2DMode":false,"pivot":{"x":334.4200439453125,"y":50.716365814208987,"z":113.21094512939453},"rotation":{"x":0.0545600950717926,"y":-0.790160596370697,"z":-0.07143566012382508,"w":-0.6064801812171936},"size":68.18952178955078,"orthographic":false}