{"cameraMode":{"drawMode":0,"name":"Shaded","section":"Shading Mode"},"sceneLighting":true,"audioPlay":false,"sceneViewState":{"showFog":true,"showMaterialUpdate":false,"showSkybox":true,"showFlares":true,"showImageEffects":true,"showParticleSystems":true},"in2DMode":false,"pivot":{"x":181.9140625,"y":70.89753723144531,"z":1052.003173828125},"rotation":{"x":0.03893019258975983,"y":-0.05542951822280884,"z":0.00216266349889338,"w":0.9977015256881714},"size":1171.319580078125,"orthographic":false}