{"cameraMode":{"drawMode":0,"name":"Shaded","section":"Shading Mode"},"sceneLighting":true,"audioPlay":false,"sceneViewState":{"showFog":true,"showMaterialUpdate":false,"showSkybox":true,"showFlares":true,"showImageEffects":true,"showParticleSystems":true},"in2DMode":false,"pivot":{"x":164.40126037597657,"y":10.005938529968262,"z":59.84706497192383},"rotation":{"x":0.0301018338650465,"y":0.7256522178649902,"z":-0.031811006367206576,"w":0.6866662502288818},"size":17.69001579284668,"orthographic":false}