{"cameraMode":{"drawMode":0,"name":"Shaded","section":"Shading Mode"},"sceneLighting":true,"audioPlay":false,"sceneViewState":{"showFog":true,"showMaterialUpdate":false,"showSkybox":true,"showFlares":true,"showImageEffects":true,"showParticleSystems":true},"in2DMode":false,"pivot":{"x":300.4584655761719,"y":39.0169677734375,"z":85.18673706054688},"rotation":{"x":-0.11213388293981552,"y":-0.7219106554985046,"z":0.12043782323598862,"w":-0.6721366047859192},"size":5.748298645019531,"orthographic":false}