{"UID":"","VisualisationType":"SCATTERPLOT","parallelCoordinatesDimensionsAttributes":[],"parallelCoordinatesDimensionsMinFilter":[],"parallelCoordinatesDimensionsMaxFilter":[],"parallelCoordinatesDimensionsMinScale":[],"parallelCoordinatesDimensionsMaxScale":[],"Geometry":7,"AxiesKeys":[0,1,2],"AxiesValues":["x","y","group"],"ColourDimension":"group","SizeDimension":"","LinkingDimension":"Undefined","colourKeys":{"serializedVersion":"2","key0":{"r":0.19431382417678834,"g":0.13725490868091584,"b":0.7450980544090271,"a":1.0},"key1":{"r":0.7529412508010864,"g":0.7529412508010864,"b":0.7529412508010864,"a":1.0},"key2":{"r":0.7529412508010864,"g":0.7529412508010864,"b":0.7529412508010864,"a":0.0},"key3":{"r":0.0,"g":0.0,"b":0.0,"a":0.0},"key4":{"r":0.0,"g":0.0,"b":0.0,"a":0.0},"key5":{"r":0.0,"g":0.0,"b":0.0,"a":0.0},"key6":{"r":0.0,"g":0.0,"b":0.0,"a":0.0},"key7":{"r":0.0,"g":0.0,"b":0.0,"a":0.0},"ctime0":0,"ctime1":65535,"ctime2":65535,"ctime3":0,"ctime4":0,"ctime5":0,"ctime6":0,"ctime7":0,"atime0":0,"atime1":65535,"atime2":0,"atime3":0,"atime4":0,"atime5":0,"atime6":0,"atime7":0,"m_Mode":0,"m_NumColorKeys":2,"m_NumAlphaKeys":2},"colour":{"r":0.6886792182922363,"g":0.2284722477197647,"b":0.22414559125900269,"a":1.0},"Size":1.0,"MinSize":0.5799999833106995,"MaxSize":0.4650000035762787}