{"cameraMode":{"drawMode":0,"name":"Shaded","section":"Shading Mode"},"sceneLighting":true,"audioPlay":false,"sceneViewState":{"showFog":true,"showMaterialUpdate":false,"showSkybox":false,"showFlares":true,"showImageEffects":true,"showParticleSystems":true},"in2DMode":false,"pivot":{"x":3.655571937561035,"y":2.2333452701568605,"z":-3.4542503356933595},"rotation":{"x":-0.0020143231377005579,"y":0.9893573522567749,"z":-0.013661593198776245,"w":-0.14498846232891084},"size":30.085460662841798,"orthographic":false}