{"cameraMode":{"drawMode":0,"name":"Shaded","section":"Shading Mode"},"sceneLighting":false,"audioPlay":false,"sceneViewState":{"showFog":true,"showMaterialUpdate":false,"showSkybox":true,"showFlares":true,"showImageEffects":true,"showParticleSystems":true},"in2DMode":false,"pivot":{"x":14.408803939819336,"y":4.56361722946167,"z":7.287802219390869},"rotation":{"x":-0.001183592714369297,"y":-0.9144583940505981,"z":-0.002757004229351878,"w":0.404754102230072},"size":8.33410930633545,"orthographic":false}