{"cameraMode":{"drawMode":0,"name":"Shaded","section":"Shading Mode"},"sceneLighting":false,"audioPlay":false,"sceneViewState":{"showFog":true,"showMaterialUpdate":false,"showSkybox":true,"showFlares":true,"showImageEffects":true,"showParticleSystems":true},"in2DMode":false,"pivot":{"x":2.382258892059326,"y":-0.7569136023521423,"z":-22.190385818481447},"rotation":{"x":-0.0026932002510875465,"y":-0.9902195930480957,"z":0.01931188441812992,"w":-0.138131245970726},"size":3.405013084411621,"orthographic":false}