{"cameraMode":{"drawMode":0,"name":"Shaded","section":"Shading Mode"},"sceneLighting":false,"audioPlay":false,"sceneViewState":{"showFog":true,"showMaterialUpdate":false,"showSkybox":true,"showFlares":true,"showImageEffects":true,"showParticleSystems":true},"in2DMode":false,"pivot":{"x":-8.163032531738282,"y":-1.5601129531860352,"z":-15.338827133178711},"rotation":{"x":0.0880180075764656,"y":-0.8999430537223816,"z":0.21452130377292634,"w":0.36929529905319216},"size":35.97195816040039,"orthographic":false}