{"cameraMode":{"drawMode":0,"name":"Shaded","section":"Shading Mode"},"sceneLighting":true,"audioPlay":false,"sceneViewState":{"showFog":true,"showMaterialUpdate":false,"showSkybox":false,"showFlares":true,"showImageEffects":true,"showParticleSystems":true},"in2DMode":false,"pivot":{"x":-0.3863210678100586,"y":7.691499710083008,"z":-2.401186943054199},"rotation":{"x":-0.04803550988435745,"y":0.9167128801345825,"z":-0.11612869054079056,"w":-0.3793657720088959},"size":42.30009078979492,"orthographic":false}